,Iris-setosa,Iris-versicolor,Iris-virginica,Purity
k0,64,3,0,0.9552238805970149
k1,0,32,0,1.0
k2,1,0,50,0.9803921568627451
Total,65,35,50,0.9733333333333334
