,Iris-setosa,Iris-versicolor,Iris-virginica,Purity
k0,63,0,5,0.9264705882352942
k1,4,51,0,0.9272727272727272
k2,0,0,27,1.0
Total,67,51,32,0.94
